"annette26@example.net","Cambodia","Boisterous Barracuda"
"iwalker@example.org","Honduras","Mantic Manatee"
"thomasmccormick@example.org","Belize","Mantic Macaw"
"kevin02@example.com","Trinidad and Tobago","Mantic Minotaur"
"brocklauren@example.net","Andorra","Mantic Minotaur"
"hobbschristopher@example.net","Uzbekistan","Mantic Manatee"
"arthuranthony@example.net","Georgia","Mantic Minotaur"
"christensenryan@example.org","Belgium","Mantic Macaw"
"josephbrown@example.org","Cyprus","Boisterous Barracuda"
"ahall@example.net","Algeria","Mantic Manatee"
"gwelch@example.com","Tuvalu","Mantic Minotaur"
"tamara42@example.net","United States of America","Boisterous Barracuda"
"christineschmidt@example.org","Monaco","Mantic Minotaur"
"maxwelldanny@example.com","Congo","Mantic Minotaur"
"larsoncharles@example.net","Mozambique","Boisterous Barracuda"
"enewman@example.com","Ecuador","Boisterous Barracuda"
"lwilliams@example.net","Nigeria","Mantic Macaw"
"erikmaddox@example.org","British Virgin Islands","Mantic Manatee"
"cwashington@example.net","Chad","Mantic Manatee"
"dean72@example.net","French Guiana","Mantic Minotaur"
"mitchelljose@example.org","Bahrain","Mantic Minotaur"
"wolfmary@example.net","British Indian Ocean Territory (Chagos Archipelago)","Mantic Minotaur"
"novakmichael@example.net","Portugal","Mantic Manatee"
"christina39@example.com","Saint Kitts and Nevis","Mantic Minotaur"
"folson@example.net","Barbados","Mantic Minotaur"
"autumn73@example.net","Thailand","Mantic Macaw"
"jacqueline87@example.net","Ukraine","Mantic Minotaur"
"williamdavis@example.com","Seychelles","Mantic Minotaur"
"robertunderwood@example.org","Mali","Mantic Macaw"
"colliertodd@example.com","Sudan","Boisterous Barracuda"
"anthonyzimmerman@example.org","Ethiopia","Boisterous Barracuda"
"christopherrich@example.org","Poland","Mantic Manatee"
"whitney53@example.com","Kenya","Boisterous Barracuda"
"tracey20@example.org","Senegal","Mantic Manatee"
"joseph38@example.com","Gibraltar","Mantic Macaw"
"connie54@example.net","Monaco","Boisterous Barracuda"
"tiffanydiaz@example.net","Comoros","Mantic Macaw"
"loretta27@example.net","Costa Rica","Boisterous Barracuda"
"johnsontoni@example.com","San Marino","Mantic Manatee"
"bradydiana@example.org","Oman","Mantic Minotaur"
"karenburke@example.net","Australia","Boisterous Barracuda"
"michaelgrimes@example.org","American Samoa","Mantic Manatee"
"james17@example.com","Saint Vincent and the Grenadines","Mantic Manatee"
"stephaniecastillo@example.org","Romania","Mantic Manatee"
"johnsonwesley@example.net","Mauritius","Mantic Macaw"
"sextoncurtis@example.com","Guadeloupe","Boisterous Barracuda"
"kennethboyle@example.com","Vietnam","Mantic Minotaur"
"michaelmayer@example.org","Honduras","Mantic Manatee"
"dcardenas@example.net","Central African Republic","Mantic Manatee"
"ablack@example.org","Kiribati","Mantic Minotaur"
"coxjessica@example.org","Togo","Mantic Manatee"
"nperez@example.com","Somalia","Mantic Minotaur"
"megan87@example.com","French Southern Territories","Boisterous Barracuda"
"nlopez@example.net","Seychelles","Mantic Minotaur"
"cynthiamills@example.net","Antigua and Barbuda","Mantic Minotaur"
"murraycatherine@example.org","Yemen","Mantic Minotaur"
"nclements@example.org","Antigua and Barbuda","Mantic Manatee"
"mvega@example.org","Uzbekistan","Mantic Minotaur"
"cwheeler@example.com","Saint Barthelemy","Mantic Manatee"
"gabriellozano@example.net","Liechtenstein","Mantic Minotaur"
"shauncopeland@example.com","Samoa","Mantic Macaw"
"jacobmoody@example.com","Brazil","Mantic Manatee"
"thomas89@example.net","Saint Pierre and Miquelon","Mantic Minotaur"
"joshuajacobs@example.net","Puerto Rico","Boisterous Barracuda"
"holly51@example.com","Andorra","Boisterous Barracuda"
"marissahartman@example.com","Taiwan","Boisterous Barracuda"
"annetterodriguez@example.net","Nigeria","Mantic Manatee"
"ashleydunlap@example.com","Monaco","Mantic Minotaur"
"martinbaker@example.org","Cote d'Ivoire","Mantic Macaw"
"isavage@example.net","Bahrain","Mantic Macaw"
"mackenziesanchez@example.org","Italy","Mantic Minotaur"
"reyesrichard@example.org","Macao","Mantic Macaw"
"dwells@example.com","Panama","Mantic Manatee"
"jaredjohns@example.net","Portugal","Mantic Minotaur"
"pnguyen@example.net","Somalia","Mantic Manatee"
"johnfowler@example.org","Bolivia","Boisterous Barracuda"
"hallemily@example.net","Korea","Mantic Manatee"
"andreaharris@example.net","Niger","Mantic Macaw"
"cunninghamdavid@example.org","Sao Tome and Principe","Mantic Manatee"
"kristina58@example.org","Netherlands","Boisterous Barracuda"
"williamsashley@example.com","Vietnam","Mantic Minotaur"
"xlove@example.net","Indonesia","Boisterous Barracuda"
"amber47@example.com","Malta","Mantic Minotaur"
"eric96@example.org","North Macedonia","Boisterous Barracuda"
"evelyn47@example.org","Lao People's Democratic Republic","Mantic Manatee"
"khughes@example.org","Angola","Mantic Minotaur"
"manuel78@example.org","Peru","Boisterous Barracuda"
"faustin@example.org","Belarus","Mantic Macaw"
"kimberlysmith@example.net","Micronesia","Mantic Minotaur"
"brownbarbara@example.org","Croatia","Boisterous Barracuda"
"craigjennifer@example.net","Montenegro","Boisterous Barracuda"
"noah12@example.net","Antarctica (the territory South of 60 deg S)","Mantic Minotaur"
"obrienwilliam@example.com","Ukraine","Mantic Macaw"
"marymaldonado@example.com","Kazakhstan","Mantic Minotaur"
"ghouston@example.net","Comoros","Mantic Macaw"
"jeffreyvalencia@example.com","France","Mantic Minotaur"
"brennandale@example.org","Argentina","Mantic Manatee"
"catherinedalton@example.org","Myanmar","Mantic Manatee"
"leonardvasquez@example.net","Marshall Islands","Mantic Minotaur"
"anthony49@example.com","Jersey","Boisterous Barracuda"
"andre71@example.com","Cook Islands","Mantic Manatee"
"carrolljim@example.net","Sierra Leone","Mantic Manatee"
"christina90@example.net","Iceland","Boisterous Barracuda"
"norrisjeffrey@example.net","British Virgin Islands","Mantic Minotaur"
"reginajohnson@example.org","United States Virgin Islands","Mantic Minotaur"
"washingtonstephanie@example.net","Uzbekistan","Mantic Manatee"
"wscott@example.com","Haiti","Mantic Minotaur"
"mpierce@example.net","Eritrea","Mantic Minotaur"
"rkline@example.com","Sri Lanka","Mantic Macaw"
"michelle73@example.com","Swaziland","Mantic Manatee"
"curtiscatherine@example.org","Uzbekistan","Mantic Manatee"
"gonzalezjared@example.com","British Indian Ocean Territory (Chagos Archipelago)","Boisterous Barracuda"
"jonathan93@example.org","Tokelau","Boisterous Barracuda"
"dsims@example.net","Eritrea","Mantic Minotaur"
"lkim@example.org","Uzbekistan","Mantic Manatee"
"jose78@example.com","Barbados","Mantic Manatee"
"marshalljason@example.net","Bangladesh","Mantic Minotaur"
"kylewood@example.org","Turkey","Mantic Macaw"
"jonestroy@example.com","Mexico","Mantic Minotaur"
"baileyfred@example.com","United Arab Emirates","Mantic Macaw"
"christina10@example.org","Colombia","Mantic Macaw"
"kristinejackson@example.com","Haiti","Boisterous Barracuda"
"katherinemunoz@example.net","Togo","Boisterous Barracuda"
"alisonpaul@example.org","Guinea-Bissau","Boisterous Barracuda"
"thompsonsusan@example.org","Malawi","Mantic Macaw"
"gwells@example.com","Libyan Arab Jamahiriya","Boisterous Barracuda"
"tgonzales@example.com","Switzerland","Mantic Minotaur"
"stacymcdonald@example.com","Bahamas","Mantic Manatee"
"allenjonathan@example.org","Monaco","Mantic Minotaur"
"michael87@example.net","Tajikistan","Boisterous Barracuda"
"matthew60@example.net","Belarus","Boisterous Barracuda"
"charlesmelendez@example.com","Denmark","Mantic Minotaur"
"johnsonhannah@example.org","Isle of Man","Mantic Macaw"
"framirez@example.net","Andorra","Mantic Macaw"
"olivia90@example.org","Saint Vincent and the Grenadines","Mantic Manatee"
"dianabell@example.net","Lao People's Democratic Republic","Boisterous Barracuda"
"gonzalezkristen@example.org","Sao Tome and Principe","Mantic Minotaur"
"smithmatthew@example.com","Cyprus","Mantic Macaw"
"chris83@example.net","Saint Lucia","Mantic Macaw"
"tommymurphy@example.net","Gambia","Mantic Minotaur"
"kathy23@example.net","New Caledonia","Mantic Manatee"
"glennkimberly@example.org","Lithuania","Mantic Macaw"
"alee@example.com","Ireland","Mantic Manatee"
"oconnormegan@example.org","Saudi Arabia","Mantic Manatee"
"charles74@example.com","Mayotte","Mantic Minotaur"
"msexton@example.org","Saint Lucia","Mantic Minotaur"
"lynchchristina@example.org","Guatemala","Boisterous Barracuda"
"henrychambers@example.org","French Polynesia","Mantic Manatee"
"bmckay@example.com","Nauru","Mantic Manatee"
"nboss@example.net","Estonia","Mantic Minotaur"
